Country Name,Country Code,2000,2001,2002,2003,2004,2005,2006,2007,2008,2009,2010,2011,2012,2013,2014,2015
Aruba,ABW,1873452513.97,1920262569.83,1941094972.07,2021301675.98,2228279329.61,2331005586.59,2421474860.34,2623726256.98,2791960893.85,2498932960.89,2467703910.61,2584463687.15,,,,
Afghanistan,AFG,,2461665937.89,4128820723.05,4583644246.48,5285465685.86,6275073571.55,7057598406.62,9843842455.48,10190529882.49,12486943505.74,15936800636.25,17930239399.81,20536542736.73,20046334303.97,20050189881.67,19702986340.55
Angola,AGO,9129594818.61,8936063723.20,12497346669.67,14188949190.62,19640848728.89,28233712830.90,41789478661.31,60448921272.23,84178032716.10,75492384801.37,82470913120.73,104115923082.74,115398371427.67,124912063308.20,126776874216.70,102962245246.71
Albania,ALB,3632043907.98,4060758804.12,4435078647.75,5746945912.58,7314865175.62,8158548716.69,8992642348.79,10701011896.77,12881352687.78,12044212903.82,11926953258.92,12890867538.53,12319784787.30,12781029643.59,13219857459.10,11390365293.81
Andorra,AND,1401695227.57,1484017897.09,1717485413.14,2373927765.24,2916786689.84,3248215396.10,3536632793.88,4010990966.33,4001201113.23,3650083356.49,3346516556.29,3427022518.77,3146151869.46,3248924588.42,,
Arab World,ARB,735025140336.26,723282816382.45,729051715403.98,823110541431.17,963862340520.58,1184661549595.13,1404113530800.68,1637573196970.62,2077706582271.06,1795472295052.32,2109224213446.00,2501942770389.97,2740536188974.18,2838294388723.79,2904404570076.29,2561129553776.39
United Arab Emirates,ARE,104337372362.15,103311640571.82,109816201497.62,124346358066.71,147824370319.95,180617018379.85,222116541865.21,257916133424.10,315474615738.60,253547358747.45,289880430197.25,350908390046.36,374817974113.48,390427289210.79,403197682887.72,357949199759.59
Argentina,ARG,284203750000.00,268696750000.00,97724004251.86,127586973492.18,164657930452.79,198737095012.28,232557260817.31,287530508430.57,361558037110.42,332976484577.62,423627422092.49,530163281574.66,545982375701.13,552025140252.25,526319673731.64,584711485367.27
Armenia,ARM,1911563665.39,2118467913.38,2376335048.40,2807061008.69,3576615240.42,4900469515.07,6384451606.14,9206301700.40,11662040713.88,8647936747.99,9260284937.80,10142111334.50,10619320048.59,11121465767.41,11609512939.75,10529182498.35
American Samoa,ASM,,,514000000.00,527000000.00,512000000.00,503000000.00,496000000.00,520000000.00,563000000.00,678000000.00,576000000.00,574000000.00,644000000.00,639000000.00,638000000.00,641000000.00
Antigua and Barbuda,ATG,825405518.52,795976518.52,809754481.48,850218592.59,913710370.37,1014979666.67,1149025481.48,1302388925.93,1359733555.56,1217719666.67,1147942222.22,1141865444.44,1216045777.78,1195885111.11,1274330333.33,1355645888.89
Australia,AUS,415446209885.07,378899860470.11,394635830891.59,466853232382.06,613329776639.64,693764095624.72,747572626534.89,853764622752.61,1055334825425.25,927168310999.85,1142876772659.21,1390557034407.97,1538194473087.23,1567178619062.28,1459597906912.70,1345383143356.35
Austria,AUT,196421706283.40,196953628635.35,212970685111.99,260721478555.31,299857238639.19,314648986444.47,334309371471.58,386458951546.67,427611527757.43,397594276187.83,390211866490.26,429037361514.41,407451583084.24,428248420485.18,438376178526.32,376967406147.99
Azerbaijan,AZE,5272617196.05,5707720390.85,6235795103.89,7276013031.97,8680472168.52,13245716099.01,20983019923.89,33050343782.78,48852482960.08,44291490420.50,52902703376.11,65951627200.20,69684317718.94,74164435946.46,75244166772.92,53074370486.04
Burundi,BDI,870486065.88,876794723.07,825394490.16,784654423.62,915257323.40,1117257279.46,1273180597.03,1356078278.19,1611634331.65,1739781488.75,2026864469.36,2355652125.85,2472384907.00,2714505634.53,3093647226.81,3097324739.85
Belgium,BEL,237904919845.22,237841610738.26,258860342556.00,319003386004.52,370885274397.82,387365999253.82,409813072387.40,471821790309.34,518626043650.21,484552653514.87,483548693409.34,527008036846.81,497884088082.65,520117140495.06,531750903174.69,454991318727.91
Benin,BEN,2569186642.87,2680213931.46,3054571081.69,3905366187.87,4521424807.23,4803702821.08,5142380779.44,5969535131.58,7132787396.67,7097198711.61,6970240895.50,7814081155.65,8152554487.31,9156748441.42,9707432015.61,8290986804.45
Burkina Faso,BFA,2628920056.10,2812845513.57,3205592289.80,4205691222.11,4838551099.71,5462709498.45,5844669845.54,6771277870.96,8369637065.40,8369175126.25,8979966766.07,10724061338.59,11166061507.80,11934606509.59,12400688571.14,11148759324.51
Bangladesh,BGD,53369787318.62,53991289844.33,54724081490.51,60158929188.26,65108544250.04,69442943089.43,71819083683.74,79611888213.15,91631278239.32,102477791472.39,115279077465.23,128637938711.39,133355749482.48,149990451022.29,172885454931.45,195078561219.33
Bulgaria,BGR,13148099185.23,14135393875.59,16360346653.83,21074775206.33,26094622563.65,29821662537.32,34304448149.81,44765733379.99,54666642734.28,51783454183.55,50610031135.78,57418391041.59,53903028252.30,55758744571.12,56732006512.01,50199117547.04
Bahrain,BHR,9062906914.89,8976207712.77,9632155053.19,11074822074.47,13150166755.32,15968726861.70,18505053191.49,21730000000.00,25710877659.57,22938218085.11,25713271276.60,29157446808.51,30749308510.64,32898670212.77,33387712765.96,31125851063.83
Bahamas. The,BHS,6327552000.00,6516651000.00,6957996000.00,6949317000.00,7094413000.00,7706222000.00,7965588000.00,8318996000.00,8247000000.00,7820000000.00,7910000000.00,7890000000.00,8399000000.00,8522000000.00,8618000000.00,8854000000.00
Bosnia and Herzegovina,BIH,5505984455.96,5748990666.18,6651226179.02,8370020196.19,10022840634.92,11225138297.20,12866524918.22,15776422673.20,19101454463.75,17600630726.61,17164279813.10,18629346790.82,17207367625.80,18154290272.22,18521475376.48,16173806634.53
Belarus,BLR,12736856827.98,12354820143.88,14594925392.97,17825436034.54,23141587717.76,30210091836.83,36961821893.70,45275747860.64,60752177438.89,49208656976.04,57231904542.88,61762341356.90,65685903833.08,75527537703.18,78813049849.61,56454775870.96
Belize,BLZ,832072450.00,871860600.00,932551850.00,990374050.00,1057845500.00,1114222550.00,1217467600.00,1290573400.00,1368625150.00,1336957250.00,1397113450.00,1486712300.00,1573618750.00,1613705850.00,1706497950.00,1742545900.00
Bermuda,BMU,3480219000.00,3680483000.00,3937228000.00,4186525000.00,4484703000.00,4868136000.00,5414299000.00,5895048000.00,6109928000.00,5806378000.00,5744414000.00,5550771000.00,5537537000.00,5573710000.00,,
Bolivia,BOL,8397912509.10,8141537937.61,7905485216.18,8082364868.39,8773451738.91,9549077869.11,11451869164.71,13120159975.55,16674324634.24,17339992165.24,19649631308.16,23963033443.85,27084497539.80,30659338929.09,32996187988.42,33000198263.39
Brazil,BRA,655421153320.58,559372502338.24,507962741819.92,558320116997.08,669316239316.24,891629970423.92,1107640325472.35,1397084381901.29,1695824517395.57,1667019605881.76,2208871646202.82,2616201578192.25,2465188674415.03,2472806919901.67,2455993200170.00,1803652649613.75
Barbados,BRB,3121619807.98,3116632412.98,3169612598.33,3274856571.17,3514370691.26,3897467233.86,4303275572.40,4546115388.41,4595264650.00,4601250000.00,4446800000.00,4358900000.00,4332150000.00,4371200000.00,4352700000.00,4421800000.00
Brunei Darussalam,BRN,6001153306.26,5601090584.36,5843329107.56,6557333084.61,7872333215.00,9531402847.87,11470703002.08,12247694247.23,14393099068.59,10732366286.26,13707370737.07,18525319977.74,19048495518.57,18093829923.27,17123125493.29,12930394937.81
Bhutan,BTN,439158233.20,476360697.18,537050133.72,622026107.77,702682018.98,818869145.12,897731524.93,1196091805.02,1258332337.28,1264758197.97,1585472534.11,1820207625.80,1823692109.62,1798333725.84,1958819914.96,2057947621.19
Botswana,BWA,5788329609.16,5489608299.66,5438857106.74,7511582173.38,8957467706.54,9931134940.51,10126940513.31,10939053367.15,10945070441.93,10267133177.73,12786654365.87,15682926890.03,14686278713.52,14915780533.09,16259445049.77,14430608463.44
Central African Republic,CAF,914500299.10,931833302.75,991387870.12,1139754799.16,1270080250.65,1350301057.07,1460562038.37,1698125617.92,1985239276.63,1981728140.78,1986014845.63,2212699746.81,2184183758.32,1518565219.01,1702898939.55,1583776759.98
Canada,CAN,742293448252.64,736379777892.56,757950678646.53,892380986367.85,1023196003074.56,1169357979864.66,1315415197461.21,1464977190205.75,1549131208997.19,1371153004986.44,1613464422811.13,1788647906047.76,1824288757447.57,1842628005830.18,1792883225804.38,1552807652015.37
Central Europe and the Baltics,CEB,427550058634.75,468161745109.39,527146030956.31,634284039973.08,762451562237.80,885747879466.35,1001942855597.53,1260957147846.53,1523196377519.86,1279854250277.72,1312750149554.56,1446220607413.34,1350778814230.21,1421351670726.71,1461972726743.52,1281539342884.75
Switzerland,CHE,271659728209.38,278628772872.72,301127808995.25,351982634291.23,393541693928.43,407535656039.19,429195591242.62,477407802315.90,551546962699.66,539528229942.10,581208562423.37,696278717728.14,665054050620.79,684835034384.33,702705544908.58,670789928809.88
Channel Islands,CHI,6439703434.71,6232906290.49,6663669064.75,7332244897.96,8553643354.08,8827272727.27,9676172953.08,11514605842.34,,,,,,,,
Chile,CHL,77860932151.85,70979923960.37,69736811435.10,75643459839.60,99210392857.61,122964812046.07,154788024805.81,173605968179.26,179638496278.57,172389498444.62,218537551220.07,252251992029.44,267122320056.70,278384332694.36,260990299051.18,242517905161.73
China,CHN,1211346395438.73,1339395440432.04,1470549716080.71,1660287543796.06,1955347477285.91,2285965854313.36,2752132089196.58,3552182714426.55,4598205419718.80,5109954035775.98,6100620356557.32,7572554360442.62,8560546868811.69,9607224248684.59,10482371325324.70,11064664793255.70
Cote d'Ivoire,CIV,10717022462.69,11192560827.30,12346919216.14,15306602560.25,16554441846.52,17084928927.46,17800887796.50,20343635319.62,24224903099.63,24277493862.06,24884505034.56,25381616734.07,27040562587.18,31273049200.24,35372603446.26,32828516580.35
Cameroon,CMR,9287367235.26,9633109349.65,10879778384.20,13621738837.20,15775357014.63,16587858856.68,17953066721.09,20431780377.86,23322254113.56,23381142146.65,23622483983.71,26587311527.57,26472056037.77,29567504655.49,32050817632.96,28415950981.44
Congo. Dem. Rep.,COD,19088046305.80,7438189100.33,8728038525.14,8937567059.88,10297483481.22,11964484667.91,14296507096.41,16364029327.35,19206060270.25,18262773820.81,20523285374.19,23849009737.67,27463220380.01,30014813755.77,34028119332.61,36188521106.93
Congo. Rep.,COG,3219910666.03,2794259783.08,3019993738.77,3495868808.05,4648628921.37,6087003176.12,7731261310.93,8394688284.06,11859014004.08,9593536531.24,12007880590.46,14425607224.17,13677930123.59,14085852120.48,14177437627.30,8553154505.84
Colombia,COL,99886577330.73,98203546156.31,97933391976.08,94684584162.77,117074863821.85,146566264837.01,162590146096.41,207416494642.38,243982437870.84,233821670544.26,287018184637.53,335415156702.19,369659700375.52,380191881860.37,378195716714.27,291519591532.95
Comoros,COM,203846427.74,220093812.21,246737679.47,317562269.37,368143118.69,380372892.61,406111873.54,462453582.87,523134896.97,524157261.01,530493353.22,586281766.76,570865941.23,618663921.86,647720707.08,565689764.63
Cabo Verde,CPV,539227277.63,563024383.30,620974660.23,813963830.18,924318490.76,971977088.16,1107891063.44,1513934037.25,1789333748.68,1711817181.53,1664310769.55,1864824080.69,1751888561.73,1850951315.46,1858121723.25,1574288667.70
Costa Rica,CRI,14949514585.16,15913363335.06,16504795453.28,17195867540.35,18529767934.47,19952156474.85,22600431878.00,26743874286.85,30612932802.90,30562361123.03,37268635287.09,42262697840.39,46473128285.56,49745088111.70,50656002895.88,54840103850.27
Caribbean small states,CSS,32252030400.74,33172149746.01,34944596086.07,37495408032.29,41173138191.65,46649069646.10,52393433350.72,58257681979.33,66480563576.59,55930530970.86,60772694299.86,65739442150.88,67860562821.06,68729777391.38,68744227741.65,66799701061.83
Cuba,CUB,30565400000.00,31682400000.00,33590500000.00,35901200000.00,38203000000.00,42643836074.80,52742800000.00,58603900000.00,60806300000.00,62080000000.00,64328000000.00,68990000000.00,73141000000.00,77148000000.00,80656100000.00,87132800000.00
Curacao,CUW,,,,,,,,,,,,,,,,
Cayman Islands,CYM,,,,,,,3207032512.94,,,,,,,,,
Cyprus,CYP,10183317624.88,10567304189.44,11618269230.77,14576896942.24,17422375000.00,18703146374.83,20403713461.30,24077470572.13,27839460963.82,25942622950.82,25562251655.63,27427161523.49,25012206090.20,24054965480.62,23308212816.77,19559942331.15
Czech Republic,CZE,61474265134.54,67375623427.46,81696651658.90,99300329682.02,118976023159.71,135990215966.67,155213006071.98,188818155388.13,235204812643.15,205729790694.02,207016402026.36,227948349666.35,207376427020.82,209402444996.10,207818330723.84,185156359571.12
Germany,DEU,1949953934033.54,1950648769574.94,2079136081309.99,2505733634311.51,2819245095604.67,2861410272354.18,3002446368084.31,3439953462907.20,3752365607148.09,3418005001389.27,3417094562648.95,3757698281117.55,3543983909148.01,3752513503278.41,3879276587198.91,3363599907529.78
Djibouti,DJI,551230861.86,572417440.82,591122039.60,622044665.52,666072101.78,708633194.73,768873684.03,847918929.11,999105339.27,1049110684.72,1128611700.36,1239144501.78,1353632941.52,1455000000.00,1588000000.00,1727000000.00
Dominica,DMA,335845814.81,343119370.37,337695740.74,350091222.22,374771481.48,370370370.37,390370370.37,421375851.85,458190185.19,489074333.33,493824407.41,500988407.41,485905592.59,508447148.15,528178703.70,517218962.96
Denmark,DNK,164158800460.22,164791416350.27,178635160297.42,218095997085.48,251373036671.06,264467308109.19,282884912894.33,319423370134.28,353361056079.72,321241396034.25,321995350346.50,344003209695.61,327148899962.15,343584385594.13,352296969840.95,301307828843.61
Dominican Republic,DOM,23996063503.05,24892521236.96,26571620978.79,21277165885.69,22039232609.96,34004033803.94,35952845582.50,44169678153.16,48288967303.49,48376555305.69,53954579003.53,57746684847.09,60613645121.35,61965942056.68,65231032303.24,68102618092.10
Algeria,DZA,54790245600.58,54744714396.17,56760288973.67,67863829880.48,85324998813.60,103198228458.59,117027304746.54,134977087734.01,171000691877.71,137211039898.19,161207268655.39,200013051408.12,209047389309.48,209783503258.22,213983107815.93,164779467703.30
East Asia & Pacific (excluding high income),EAP,1737555451927.58,1848686476416.41,2046092163273.83,2315810256864.63,2685504072554.60,3105749295673.26,3737290328576.48,4727201576905.36,5984186206834.35,6493074986751.24,7874829344710.68,9625670980492.27,10738149376011.50,11854684976018.30,12748056303254.90,13267358556273.40
Early-demographic dividend,EAR,3265108230891.93,3224441922892.92,3131166808367.24,3500675725433.46,4066546525118.83,4742611342049.54,5428145324754.82,6446032068048.83,7272012608284.40,6990930969841.42,8490184886018.92,9567687630587.59,9956217405201.37,10199668619019.70,10409979185059.70,10123440406910.50
East Asia & Pacific,EAS,8283672555565.94,7705159083109.50,7827298972846.92,8605351856004.54,9651082222195.49,10292825485348.70,10913330711044.60,12205786067031.70,14097329803496.30,14526049741278.90,16934259897815.90,19633645544446.80,21013112141456.70,21256469783768.70,21894085979174.90,21765291253881.40
Europe & Central Asia (excluding high income),ECA,720049109208.47,717065633312.42,820427017878.70,1037515255499.23,1367586660092.33,1726468996323.24,2114341890534.89,2727633767388.62,3372528990767.71,2655132038891.56,3156252483058.18,3871963192958.71,4070879223563.86,4302720557394.27,4078799138447.73,3120102822297.10
Europe & Central Asia,ECS,10011304103592.30,10112904613806.80,11061551679319.40,13475936343306.80,15710079754567.40,16731221185836.30,18108863489937.00,21160525702403.20,23218568155419.70,20419024790312.50,20905471026131.40,23146206945497.40,22278308473166.20,23253753489878.50,23602629398500.70,20278407939904.20
Ecuador,ECU,18327764882.44,24468324000.00,28548945000.00,32432859000.00,36591661000.00,41507085000.00,46802044000.00,51007777000.00,61762635000.00,62519686000.00,69555367000.00,79276664000.00,87924544000.00,95129659000.00,102292260000.00,100176808000.00
Egypt. Arab Rep.,EGY,99838543960.08,97632008709.85,87850683978.67,82924503942.64,78845185293.50,89685725230.25,107484034870.97,130478960092.50,162818181818.18,188982374700.81,218888324504.75,236001858960.02,279372758361.83,288586231501.88,305529656458.44,332698041030.81
Euro area,EMU,6486948965622.98,6593233923750.33,7173603214645.71,8850599071571.01,10151814034876.70,10535328496601.90,11184406192078.30,12877397931377.40,14115366559756.80,12905452856781.10,12642935603562.10,13622723195115.40,12637588983379.40,13187495064380.70,13457720442907.50,11616144612366.30
Eritrea,ERI,706370815.58,752368495.51,729321366.65,870247703.18,1109054005.44,1098425900.74,1211161879.67,1317974491.06,1380188800.00,1856695551.22,2117039512.20,2607739837.40,,,,
Spain,ESP,595402616546.90,625975838926.18,705145868624.13,906853273137.70,1069555500372.49,1157276458151.97,1264551499184.54,1479341637010.68,1634989014208.29,1499074742984.16,1431587612302.26,1488017213511.01,1335945712662.30,1361775869855.87,1375856057716.82,1192955480686.43
Estonia,EST,5685774808.81,6245069734.13,7322069511.16,9833870709.12,12059201242.24,14006088297.48,16963625015.68,22237061730.08,24194039255.90,19652492636.84,19490936349.18,23170239900.77,23043864510.05,25081185830.69,26213940386.79,22460470490.01
Ethiopia,ETH,8242392103.68,8231326016.47,7850809498.17,8623691300.04,10131187261.44,12401139453.97,15280861834.60,19707616772.80,27066912635.22,32437389116.04,29933790334.34,31952763089.33,43310721414.08,47648211133.22,55612228233.52,64464423674.66
European Union,EUU,8899281080301.74,9000712583377.40,9811088515429.67,11945762088043.20,13795554923350.00,14426590936518.20,15388732742870.80,17781304404686.50,19117797795887.70,17080879375428.00,16977855795546.30,18340538607136.10,17271715977529.10,18002706275463.50,18588239232261.00,16334844026788.00
Fragile and conflict affected situations,FCS,216797757227.30,199375997395.19,194198480880.06,220665363981.49,254601782855.91,309086614685.86,362365593700.42,445792651984.51,575692753225.22,536110479745.74,637800543108.16,694812711849.71,749211936901.16,800959408995.37,842651829649.67,763932625640.62
Finland,FIN,125539893126.96,129250111856.82,139552983248.64,171071106094.81,196768065557.49,204436015420.97,216552502822.73,255384615384.62,283742493042.33,251499027507.64,247799815768.48,273674236772.82,256706466091.09,269980111642.90,272609288689.58,232361689855.14
Fiji,FJI,1684109743.49,1660102345.60,1842691481.09,2315935752.72,2727507212.93,3006725014.78,3102741451.02,3405050611.69,3523185919.56,2870624635.68,3140508835.95,3774530615.66,3972012570.53,4190143206.26,4469810099.08,4391064780.77
France,FRA,1368438363736.87,1382218344519.02,1500337850555.24,1848124153498.87,2124112242364.04,2203678646934.46,2325011918203.49,2663112510265.54,2923465651091.26,2693827452070.02,2646837111794.78,2862680142625.14,2681416108537.39,2808511203185.39,2849305322684.76,2433562015516.21
Faroe Islands,FRO,1062339943.83,1154899793.34,1268445919.41,1486861878.96,1683997930.26,1730891409.08,1970142377.92,2278229533.05,2413237402.15,2257097731.55,2301178416.01,2468748767.98,2356505419.10,2613458942.48,,
Micronesia. Fed. Sts.,FSM,233226300.00,240051900.00,241543400.00,244991000.00,239563300.00,249845600.00,252991200.00,255890800.00,261339600.00,277510900.00,294117200.00,310287500.00,325835200.00,315725600.00,318072000.00,314971100.00
Gabon,GAB,5067865320.80,5018874179.19,5310381151.36,6497305662.09,7756293574.98,9458884812.18,10154041929.65,12438956756.45,15508574820.35,12065138272.75,14358584300.30,18186478119.96,17171447372.33,17590716232.49,18179717776.16,14262032470.90
United Kingdom,GBR,1635441065214.10,1613034403339.57,1757571942446.04,2028488163265.31,2389004027828.63,2508103636363.64,2678277828886.84,3063005202080.83,2875463235294.12,2367127278392.27,2429680444512.61,2608824654243.59,2646002634059.62,2719509472492.70,2998833559195.71,2861090726739.55
Georgia,GEO,3057453482.56,3219487824.88,3395778673.79,3991374548.51,5125273880.75,6410941012.59,7745406200.85,10172869679.74,12795044472.77,10766809099.07,11638536834.43,14434619982.21,15846474595.77,16140047012.14,16509305827.72,13993546732.47
Ghana,GHA,4983024408.15,5314909953.93,6166330136.29,7632406552.84,8881368538.08,10731634116.74,20409257610.47,24758819717.71,28526891010.49,25977847813.74,32174772955.97,39566292432.86,41939728978.73,47805069494.91,38616536131.65,37543361203.56
Gibraltar,GIB,,,,,,,,,,,,,,,,
Guinea,GIN,2995360969.16,2833442750.44,2949637039.04,3446442218.90,3666349049.43,2937071767.26,2931625104.50,4134173275.12,4515824647.44,4609923756.18,4735956493.06,5067360009.39,5667229758.99,6231725484.56,6624068015.50,6699203543.29
Gambia. The,GMB,782915402.42,687408804.63,578236035.10,487038821.61,578785278.77,624174723.71,655068695.95,798870894.21,965769128.17,900639747.94,952429030.42,904256643.42,912569686.79,903779326.21,849122624.78,938794719.36
Guinea-Bissau,GNB,370173851.95,392278168.20,415843482.00,476388260.64,531109356.17,586791883.72,591829908.43,695606288.61,864136712.99,825828703.63,846332456.38,1105497854.79,995582062.34,1026664188.53,1109007299.94,1056776896.93
Equatorial Guinea,GNQ,1045998496.44,1461139022.03,1806742742.27,2484745935.09,4410764338.67,8217369092.65,10086528698.86,13071718758.74,19749893536.32,15027795173.22,16298542028.00,21329395900.87,22389627294.42,21942597765.36,21461989483.13,12162117377.39
Greece,GRC,130133845771.14,136191353467.56,153830947016.75,201924270316.03,240521260988.33,247783001865.44,273317737046.80,318497936901.18,354460802548.70,330000252153.38,299361576558.22,287797822093.18,245670666639.05,239862011450.10,236079774688.45,194860187692.45
Grenada,GRD,520044370.37,520444185.19,540336925.93,591018407.41,599118592.59,695370296.30,698518518.52,758518518.52,825925925.93,771278111.11,771015888.89,778648666.67,799882148.15,842571333.33,911481481.48,984074074.07
Greenland,GRL,1068030829.76,1086172922.57,1169138789.31,1407866174.84,1621822369.85,1656172355.72,1818759669.07,2049139372.12,2310743218.06,2324870823.93,2306502373.71,2515245776.44,2408666378.94,2483396542.21,2551126948.78,2220380802.33
Guatemala,GTM,19288926545.38,18702802394.83,20776669466.61,21917706490.53,23965275995.72,27211377225.27,30231249362.06,34113107085.61,39136893345.15,37733994976.41,41338595380.82,47654841112.85,50388454861.11,53851058955.30,58722323918.16,63767597193.92
Guam,GUM,,,3385000000.00,3560000000.00,3857000000.00,4197000000.00,4213000000.00,4375000000.00,4621000000.00,4781000000.00,4895000000.00,4928000000.00,5199000000.00,5364000000.00,5566000000.00,5734000000.00
Guyana,GUY,712667896.73,696281471.68,722460886.37,741929342.79,785918769.59,824880550.34,1458446872.27,1740334781.84,1922598121.23,2025565089.48,2259288396.24,2576602497.33,2851154075.95,2990006533.78,3077086275.95,3179104116.22
High income,HIC,27571498060168.10,27308138861964.10,28461009424519.10,31909785465153.30,35519514910527.80,37558565439919.40,39635947402722.20,43320749767437.60,46007526825897.20,43117491016534.30,45187761296453.40,48762979397332.50,48790077030626.20,49316266619782.30,50308250498244.50,47409525366588.20
Hong Kong SAR. China,HKG,171668164082.56,169403241524.34,166349228737.39,161384522525.30,169099768875.19,181570082162.19,193536265094.36,211597405593.87,219279678430.16,214046415026.19,228637697575.04,248513617677.29,262629441493.48,275696879834.97,291459356985.34,309403880389.07
Honduras,HND,7103529494.37,7565869927.74,7775078402.93,8140271080.56,8772194250.27,9672035709.40,10841742347.80,12275501784.30,13789715132.50,14587496229.18,15839344591.98,17710275997.44,18528554861.02,18499729063.39,19756533658.11,20844308600.87
Heavily indebted poor countries (HIPC),HPC,155061199539.28,147407334553.85,160216529979.78,182328184670.13,209456626079.12,242142895089.30,289296463304.80,344296287547.74,414897655686.46,421736724661.50,463157748195.38,518080704387.59,558428816750.54,604887195078.33,643085647289.93,635445735588.40
Croatia,HRV,21774273832.10,23289671102.32,26878499206.02,34658113497.39,41574530815.50,45416076680.87,50453577898.49,60093155532.77,70481451814.31,62703095750.53,59665427464.53,62236751773.05,56485301967.42,57769872074.88,57080369367.80,48676334689.35
Haiti,HTI,3953839593.78,3596448035.45,3472194099.40,2960306120.94,3537721020.41,4310356252.84,4756204069.62,5885321655.92,6548530572.35,6584649419.28,6622541528.57,7516834160.25,7890216507.69,8452509315.88,8776360623.30,8724656126.50
Hungary,HUN,47209471853.35,53696730223.83,67561285378.73,85050281601.04,103694527827.46,112589039620.21,114801188269.40,139198195460.55,157290970540.92,129965360575.70,130255637530.91,140091591852.98,127321135030.08,134680475647.65,139294565100.57,121715203207.65
IBRD only,IBD,5778989842836.10,5856302628857.80,5947536210760.04,6716224864899.75,7990347815217.81,9549735974950.55,11321411711668.60,14088931615160.80,16926584199415.10,16425341703616.80,19954364474673.90,23607619466961.70,25002131468353.40,26486061962569.10,27285217533742.30,25783542601779.30
IDA & IBRD total,IBT,6204623716934.17,6271139148795.52,6392053589659.48,7219473463390.38,8575492518524.95,10227019071830.80,12135265896447.30,15039672134024.50,18069265712349.80,17550676208475.70,21396210564680.80,25246476428292.50,26768123727679.60,28404378600320.60,29360436708966.90,27800368885216.00
IDA total,IDA,425955016165.44,414877779648.67,444822239206.01,503607352753.13,585417780901.72,677263856840.95,814002488452.24,949952688725.40,1141761566655.15,1125176003190.50,1444980672769.83,1639584122424.20,1768118438213.61,1922693336373.33,2082520619431.07,2025758505542.60
IDA blend,IDB,174891573406.93,168921966719.70,183712405328.49,209404819444.12,252474835319.48,297634375913.67,373661921221.27,427256953306.27,508512182149.60,473469947548.86,699996618179.80,802831759834.01,883071662424.88,960383402110.49,1043383926479.73,976614588892.23
Indonesia,IDN,165021012077.81,160446947784.91,195660611165.18,234772463823.81,256836875295.45,285868618224.02,364570514304.85,432216737774.86,510228635279.29,539580088908.14,755094160363.07,892969107923.09,917869910105.75,912524136718.02,890814755233.23,861256351277.36
IDA only,IDX,251151822827.44,246099126238.95,261187520893.64,294249141169.59,332732438424.11,379223704355.93,439386921175.79,521840470219.52,632814903358.78,653724047017.46,739442152602.56,829706713781.07,875853724368.38,952302996802.46,1028027058553.17,1040940192004.62
Isle of Man,IMN,1563667799.62,1614595290.92,1897606791.43,2264911806.90,2758117365.05,2971167185.36,3344402193.25,5685988395.36,5827468750.00,5047909331.67,5420118974.04,6066454093.90,6433357030.02,6754330154.76,7428280401.51,
India,IND,462146799337.70,478965491060.77,508068952065.90,599592902016.35,699688852930.28,808901077222.84,920316529729.75,1201111768410.27,1186952757636.11,1323940295874.06,1656617073124.71,1823049927772.05,1827637859136.23,1856722121394.42,2035393459980.06,2111751098184.50
Not classified,INX,,,,,,,,,,,,,,,,
Ireland,IRL,99855067256.31,109119123042.51,127941699604.74,164285609480.81,193870908865.16,211684827757.74,232167519759.13,270043019436.08,274919027391.24,235765976660.18,221343483668.84,240590736123.32,225819189160.69,239271158532.52,256271345442.59,283716006697.64
Iran. Islamic Rep.,IRN,109591707802.22,126878750295.94,128626917503.72,153544751395.43,183697185041.72,219845971945.26,258645743978.39,337474485087.27,397189565318.90,398978104575.33,467790215915.48,592037800186.87,587209369682.67,511620875086.78,425326068422.88,393436064441.69
Iraq,IRQ,,,,,36627901762.06,49954890353.26,65140293687.54,88840050497.10,131613661510.48,111660855042.74,138516722649.57,185749664444.44,218000986222.64,234648370497.43,234648370497.43,179640210726.45
Iceland,ISL,8946079678.44,8146073989.53,9199643907.98,11304084266.51,13703315349.25,16691213479.47,17043245939.01,21295012098.98,17640375722.44,12887072301.16,13254818331.19,14674650434.68,14218575093.02,15479256844.87,17178962757.43,16783714958.45
Israel,ISR,132396684080.15,130751599020.38,121092701253.75,126749741990.73,135418563141.46,142837533703.23,154511423313.43,179564275455.81,216760312151.62,208068814688.61,233754747258.63,261374751963.33,257641795689.72,293314777888.56,308769389865.56,299415714726.77
Italy,ITA,1141760021927.40,1162317840447.43,1266510668642.95,1569649631715.58,1798314755525.20,1852661936077.60,1942633841801.53,2203053327128.39,2390729210487.77,2185160158794.11,2125058270201.64,2276292459232.78,2072823111961.10,2130491269673.44,2151732834411.50,1824902219021.73
Jamaica,JAM,8929375580.32,9087918836.81,9694161516.28,9399452787.85,10150978154.55,11204416000.00,11905525197.33,12824094989.86,13678551837.63,12038998756.92,13192229343.10,14440457548.68,14802430172.54,14276559215.73,13897561173.49,14261995113.67
Jordan,JOR,8460424400.56,8975689844.85,9582453032.44,10195660789.84,11411390409.03,12588665303.24,15056929760.23,17110587447.11,21972004086.23,23820230000.00,26425379436.62,28840263380.28,30937277605.63,33593843661.97,35826925774.65,37517410281.69
Japan,JPN,4887519660744.86,4303544259842.72,4115116279069.77,4445658071221.86,4815148854362.11,4755410630912.14,4530377224970.40,4515264514430.57,5037908465114.48,5231382674593.70,5700098114744.41,6157459594823.72,6203213121334.12,5155717056270.83,4848733415523.53,4383076298081.86
Kazakhstan,KAZ,18291990619.14,22152689129.56,24636598581.02,30833692831.40,43151647002.61,57123671733.90,81003884545.41,104849886825.58,133441612246.80,115308661142.93,148047348240.64,192626507971.58,207998568865.79,236634552078.10,221415572819.50,184388432148.72
Kenya,KEN,12705357103.01,12986007425.88,13147743910.72,14904517649.85,16095337093.84,18737897744.79,25825524820.81,31958195182.24,35895153327.85,37021512048.82,39999659233.76,41953433591.41,50412754821.98,55097343447.56,61445345999.08,63767539356.61
Kyrgyz Republic,KGZ,1369693171.44,1525112241.84,1605640633.42,1919012780.97,2211535311.63,2460248026.18,2834168889.42,3802566170.82,5139957784.91,4690062255.12,4794357795.07,6197766118.60,6605139933.41,7335027591.92,7468096566.71,6678178340.45
Cambodia,KHM,3654031716.28,3984000517.02,4284028482.55,4658246918.26,5337833248.03,6293046161.83,7274595706.66,8639235842.18,10351914093.16,10401851850.61,11242275198.97,12829541141.02,14038383450.19,15449630418.55,16777820332.70,18049954289.43
Kiribati,KIR,67254174.40,63101272.37,72196457.68,90231856.80,102367039.27,112133944.25,108545632.53,130754915.91,139125482.30,130465372.02,153275912.68,177142135.12,188045661.63,187153601.08,186066973.14,160121929.23
St. Kitts and Nevis,KNA,420515112.89,461078096.24,483120201.31,465850733.33,502561637.04,543167674.44,636218025.19,674008481.48,738942555.56,723209111.11,705015370.37,753225962.96,734462666.67,788163888.89,847778185.19,876478555.56
Korea. Rep.,KOR,561633125839.99,533052076313.53,609020054512.47,680520724062.40,764880644710.65,898137194716.19,1011797457138.50,1122679154632.41,1002219052967.54,901934953364.71,1094499338702.72,1202463682633.85,1222807284485.31,1305604981271.91,1411333926201.24,1382764027113.82
Kuwait,KWT,37711864406.78,34890772742.09,38137545245.15,47875838926.17,59440108585.00,80797945205.48,101550654720.88,114641097818.44,147395833333.33,105899930507.30,115419050942.08,154027536231.88,174070025008.93,174161495063.47,162631763879.13,114041209704.22
Latin America & Caribbean (excluding high income),LAC,2070772006620.39,2013631181344.99,1791362291806.72,1839436251262.60,2121459944550.01,2579728858022.50,3029641277365.53,3598012077005.43,4213388169678.88,3953038143139.52,4923451838328.67,5604881793369.78,5639788774858.59,5771253261929.29,5796104713749.25,4918880825241.12
Lao PDR,LAO,1731198022.45,1768619058.35,1758176653.08,2023324407.30,2366398119.88,2735558726.26,3452882514.00,4222962987.54,5443915120.51,5832915387.09,7127792629.58,8261299199.68,10191367558.27,11942157500.43,13268297521.61,14390323462.01
Lebanon,LBN,17260364842.45,17649751243.78,19152238805.97,20082918739.64,20955223880.60,21287562189.05,21796351575.46,24577114427.86,28829850746.27,35139635157.55,38009950248.76,40078938640.13,43205095854.06,44352417910.45,45730945273.63,47084703150.91
Liberia,LBR,529064600.00,521000000.00,543000000.00,416000000.00,474700000.00,550000000.00,604028900.00,739027200.00,850040500.00,1155147400.00,1292697100.00,1545400000.00,1735500000.00,1946500000.00,2013000000.00,2034000000.00
Libya,LBY,38270206950.41,34110064452.16,20481889763.78,26265625000.00,33122307692.31,47334148578.42,54961936662.61,67516236337.72,87140405361.23,63028320702.03,74773444900.54,34699395523.61,,,,
St. Lucia,LCA,784159222.22,743808074.07,748346592.59,823837148.15,893107222.22,951207370.37,1062617148.15,1150526259.26,1187075814.81,1180949888.89,1241892814.81,1280623888.89,1298815407.41,1318052185.19,1386188629.63,1431135703.70
Latin America & Caribbean,LCN,2262087169598.72,2204812506381.58,1976792950166.03,2035297139655.23,2350651916539.51,2845502363895.84,3337221449300.27,3936233646847.04,4575918488687.77,4302206309092.67,5334359891440.17,6063818698406.60,6118412887655.45,6270431804476.17,6276266893804.01,5359411894984.13
Least developed countries: UN classification,LDC,206064992890.97,196139081536.11,211734892493.18,239687925539.99,275300002656.28,322233431675.56,377006716127.02,458953974129.74,570703787280.47,583900864058.26,659839922368.98,750266890616.88,796749375366.05,863502921391.03,936514097645.98,928999138028.51
Low income,LIC,113334918600.36,102344707240.84,110542725688.21,121412373512.43,138406056360.83,159876776422.90,177405351695.88,211564340820.32,254864815001.77,271114296708.76,289973428214.64,327276455418.73,352304788203.41,379841277359.31,409946364477.96,401557904349.12
Liechtenstein,LIE,2483953102.79,2491822706.80,2688630822.53,3070691319.52,3454362685.97,3659251525.86,4000239272.61,4601299566.81,5081432924.01,4504549214.23,5082366478.09,5739977477.48,5456009384.66,6391735893.84,6663501418.90,
Sri Lanka,LKA,16330814179.98,15746229581.56,16536535647.08,18881765437.22,20662525941.30,24406252456.51,28279814924.59,32350248410.82,40713812309.73,42066217871.53,56725745039.34,65292741296.54,68434399083.41,74317806754.53,79356456990.29,80611989527.22
Lower middle income,LMC,1334823902218.48,1347552601226.17,1447377162059.63,1659139779548.20,1897336556896.53,2185062024100.34,2598144857845.71,3198643502815.83,3597614231170.50,3686218059205.86,4659868433805.74,5271066216374.76,5526562820088.11,5765503690093.18,6067382503069.23,6034684295981.41
Low & middle income,LMY,5939720920632.49,5994991423437.34,6113967979982.55,6911432587348.75,8199024522261.19,9771338254565.71,11610585486988.00,14403262097266.80,17304070901099.90,16904208788743.90,20662142675904.10,24424596002573.70,25968368047735.10,27567318674507.70,28525913355152.40,27073448479273.10
Lesotho,LSO,887295262.18,825706966.80,775780697.30,1157832935.84,1511236652.02,1682350941.55,1800105593.04,1820597204.99,1868776303.15,1864004707.46,2394097298.86,2791545696.37,2678243067.39,2532392022.47,2520952363.39,2335194894.35
Late-demographic dividend,LTE,3403220871569.63,3517771165279.50,3726423658039.18,4249229360525.09,5107490953938.25,6161761848491.45,7436786145930.86,9366206750680.44,11644623652337.10,11256631747607.00,13512634934737.70,16461624017477.90,17588592849125.40,18943439046638.90,19696765773148.50,18442948160913.20
Lithuania,LTU,11539211480.36,12252498921.02,14278357283.74,18802576988.16,22649930576.25,26125575942.28,30216060233.40,39738180076.63,47850551148.84,37440673477.90,37120517693.86,43476878139.26,42847900765.81,46473646001.57,48545251795.56,41402022148.21
Luxembourg,LUX,21263514833.24,21272418791.95,23616328816.11,29557325056.43,34685281847.53,37347394602.66,42414308116.92,50888134410.07,55849686538.74,51370543206.45,53212476812.30,60004630234.41,56677961787.07,61808178300.14,66298060521.76,58048242436.06
Latvia,LVA,7937758980.30,8350252966.20,9546441564.35,11748433157.05,14373269155.72,16922504044.80,21447021570.10,30901399261.39,35596016664.23,26169854045.04,23757368290.10,28223552824.75,28119996053.25,30254571077.67,31352249349.57,27026037600.34
Macao SAR. China,MAC,6720492405.84,6811227982.82,7322677820.10,8195033162.12,10585624890.93,12092222041.92,14789661809.18,18340447243.00,20917444919.64,21475520709.39,28123640998.73,36709860068.34,43031577366.43,51552075901.52,55347998647.82,45415278647.46
St. Martin (French part),MAF,,,,,,,,,,,,,,,,
Morocco,MAR,38857251336.34,39459581217.38,42236836820.62,52064058833.97,59626020162.38,62343022650.87,68640825480.92,79041294874.46,92507257783.57,92897320375.82,93216746661.60,101370474295.11,98266306615.36,106825649872.11,109881398474.95,100593283696.73
Monaco,MCO,2647883820.19,2671401082.76,2905973022.17,3588988600.70,4110348444.49,4280072625.98,4663488363.10,5974371695.95,6919241412.09,5557245122.32,5350674803.34,6074884388.59,,,,
Moldova,MDA,1288429150.51,1480656884.38,1661818168.42,1980901553.51,2598231467.44,2988338439.32,3408272498.12,4401154128.12,6054806100.85,5439422031.40,5811604051.97,7015206498.22,7284686576.28,7985349731.46,7983271110.60,6512899540.35
Madagascar,MDG,3877673539.09,4529575347.57,4397254607.61,5474030080.24,4363934494.37,5039293030.82,5515884348.55,7342923489.10,9413002920.97,8550363974.79,8729936135.74,9892702357.57,9919780071.29,10601690871.76,10673516672.67,9738652322.17
Maldives,MDV,624337145.28,870179738.56,897031250.00,1043403343.75,1202240023.44,1119806500.00,1474698125.00,1745998937.50,2109960937.50,2149257812.50,2323401757.81,2449576516.92,2518312129.02,2795147949.79,3094197810.20,3435244658.77
Middle East & North Africa,MEA,967123025893.85,970705165852.08,966886322034.27,1089026969409.72,1264692501508.67,1523735247225.23,1783624049835.17,2111520707885.60,2639163398129.61,2353140017976.63,2747991985923.82,3291238768813.26,3517290042987.40,3569108760902.47,3552155105906.59,3153183676492.11
Mexico,MEX,683647965226.96,724703603502.35,741559509631.32,713284231624.80,770267585947.19,866345821213.26,965281191371.84,1043471321169.09,1101275278668.79,894948748436.75,1051128603513.77,1171187519660.64,1186598324461.82,1261981728468.52,1298398654278.73,1151037122909.08
Marshall Islands,MHL,110937700.00,115152100.00,124735100.00,126887600.00,131106400.00,137744500.00,143656600.00,150851598.26,152901100.00,152631200.00,164751300.00,172674900.00,185055800.00,190992000.00,183114100.00,179432600.00
Middle income,MIC,5851457342169.00,5917641548115.50,6032742784414.22,6827061176773.63,8104396652437.36,9658919014552.29,11484611685884.10,14252023316865.70,17120054313779.30,16697282511085.50,20431462486141.40,24158308272825.30,25671457284263.60,27244416912947.40,28172661697097.90,26720461208852.10
Macedonia. FYR,MKD,3772851420.25,3709637829.95,4018365247.44,4946292774.79,5682719260.08,6258600713.83,6861222331.96,8336478142.09,9909548410.83,9401731495.72,9407168702.43,10494632699.39,9745251126.01,10817712138.95,11362272837.88,10051659161.17
Mali,MLI,2954129565.83,3465305993.48,3889758023.74,4703504466.53,5444474268.42,6245031690.07,6899799785.84,8145694631.88,9750822511.48,10181021770.43,10678749467.47,12978107560.60,12442747897.22,12813248724.80,14004067516.36,12746688961.78
Malta,MLT,4306192435.82,4331870647.72,4689832689.83,5456583589.39,6062780269.06,6394851386.64,6757119558.40,7880509170.54,8977149553.24,8528202278.41,8741059602.65,9500001983.38,9198987219.66,10131419448.98,11188785252.76,10287007021.16
Myanmar,MMR,8905066163.59,6477790688.23,6777632512.08,10467109977.67,10567354056.40,11986972418.51,14502553709.83,20182477480.55,31862554101.94,36906181380.81,49540813342.48,59977326085.99,59731122170.09,60132854536.78,65574726566.38,62600906116.10
Middle East & North Africa (excluding high income),MNA,451745270165.35,467443771526.28,453763567498.89,511876924084.12,586243634956.36,691427125900.79,803273276926.29,989862700047.42,1225666634970.85,1179785595912.43,1362935523406.70,1577443963809.85,1668157593637.49,1637016759700.70,1579293076205.83,1445527236068.07
Montenegro,MNE,984279598.33,1159860290.17,1284446123.34,1707678389.69,2073255525.20,2257174480.79,2696020574.58,3668857103.75,4519731946.68,4141382328.42,4139192052.98,4538198498.75,4087724527.82,4464260488.58,4587928884.17,4019889098.37
Mongolia,MNG,1136896123.61,1267997934.31,1396555719.97,1595297355.78,1992066808.10,2523471532.01,3414055566.11,4234999823.31,5623216448.87,4583850367.89,7189481853.11,10409797610.35,12292770631.20,12582122604.19,12226514746.12,11741338841.13
Northern Mariana Islands,MNP,,,1284000000.00,1239000000.00,1210000000.00,1061000000.00,990000000.00,938000000.00,939000000.00,795000000.00,799000000.00,733000000.00,751000000.00,780000000.00,836000000.00,922000000.00
Mozambique,MOZ,5016469068.51,4766928746.69,5031510908.86,5597367853.40,6831808930.40,7723846194.87,8312078525.09,9366742309.49,11494837053.41,10911698208.10,10154238250.18,13131168011.81,14534278446.31,16018848990.67,16961127045.83,14798399861.56
Mauritania,MRT,1293654175.21,1295539448.36,1324426606.62,1563074859.52,1833444740.38,2184444848.98,3040716679.08,3356757497.12,3978425730.72,3670515695.69,4343665119.89,5179689613.51,5225532807.25,5724227536.49,5391475878.08,4844223517.89
Mauritius,MUS,4582555124.65,4536538210.67,4767303154.00,5609831328.06,6385695187.01,6283803256.01,7028803365.70,8150138757.16,9990370016.31,9128843109.16,10003670690.35,11518393367.24,11668685524.13,12129642296.44,12803445933.59,11681761261.04
Malawi,MWI,1743506287.42,1716502862.30,3495748397.63,3208837077.25,3476094498.88,3655909664.14,3997852636.25,4432192843.59,5320925102.29,6190991712.12,6959697194.02,8003300198.30,6028470988.54,5518901971.40,6054750320.33,6373201160.03
Malaysia,MYS,93789736842.11,92783947368.42,100845263157.90,110202368421.05,124749736842.11,143534102611.50,162690965596.21,193547824063.30,230813597937.53,202257586267.56,255016609232.87,297951960784.31,314442825692.83,323276841537.34,338068990803.26,296283190372.55
North America,NAC,11030552667252.60,11361884260892.60,11739401906646.50,12407237511367.90,13302608706074.60,14267952115864.70,15176717496461.20,15948507238205.80,16273823136997.20,15795698382986.40,16583580836811.10,17312124677047.80,17985081294447.60,18539718715830.20,19191755961783.70,19595346721974.50
Namibia,NAM,3908661517.62,3546783708.13,3361251197.74,4931312147.21,6606858786.01,7261333794.60,7978734401.54,8740865600.25,8486721916.91,8876191120.76,11282192605.04,12409629835.70,13016272898.90,12713366873.47,12853963142.81,11491507355.65
New Caledonia,NCL,2682347064.36,,,,,,,,,,,,,,,
Niger,NER,1798374468.36,1945327564.65,2170481508.87,2731416346.48,3052898739.47,3405134831.85,3646728060.06,4291363390.91,5403363917.31,5397121856.35,5718589799.24,6409169889.51,6942209594.55,7667951987.69,8245312136.57,7142951342.42
Nigeria,NGA,46386011231.37,44137994251.62,59116847821.58,67655813930.09,87845420504.49,112248353104.91,145429764861.25,166451213395.64,208064753766.47,169481317540.36,369062464570.39,411743801711.64,460953836444.36,514966287206.51,568498939784.02,481066152870.27
Nicaragua,NIC,5107329007.09,5323146565.70,5224213017.54,5322454925.85,5795568204.65,6321335612.22,6763671610.70,7423377429.06,8496965842.28,8298695144.92,8758622328.67,9774316692.16,10532001129.67,10982972256.38,11880438824.45,12747741539.73
Netherlands,NLD,412807259996.32,426573601789.71,465368906455.86,571863431151.24,650532654581.57,678533764457.16,726649102998.37,839419655078.02,936228211513.11,857932759099.75,836389937229.20,893757287201.69,828946812396.79,866680000367.26,879635084124.99,750318056805.56
Norway,NOR,171315639982.73,174003247439.31,195418347152.99,228752436371.85,264357494659.39,308722079937.91,345424664369.36,400883873279.08,461946808510.64,386383919342.27,428527064662.90,498156756965.08,509704856037.82,522746212765.96,498339751388.52,386578443732.56
Nepal,NPL,5494252207.91,6007061224.49,6050875806.66,6330473096.54,7273938314.72,8130258041.47,9043715355.89,10325618017.38,12545438605.40,12854985464.08,16002656434.47,18913574370.76,18851513891.07,19271168018.48,20002968837.95,21313549578.70
Nauru,NRU,,,,,,,,20432742.11,39333572.32,44290951.93,49248810.57,72751801.05,103811958.76,108601538.46,117020381.93,100459782.61
New Zealand,NZL,52623281956.70,53872425916.62,66628222189.36,88250885550.26,103905882352.94,114719425473.49,111606899682.25,137314617476.30,133279679482.67,121337372727.84,146580949348.89,168461998741.30,176192886551.40,190521142196.38,200696291789.95,175564427552.78
OECD members,OED,27363992604547.60,27110458733015.00,28288512448418.70,31695201775379.00,35282198778124.20,37292067332552.40,39314471295987.30,42976830143569.60,45489387312056.40,42557636515963.90,44588338316642.40,47907103635329.80,47806877199978.00,48377472391665.70,49318789258230.10,46489946914053.50
Oman,OMN,19507412223.67,19452015604.68,20142782834.85,21633810143.04,24763589076.72,31081924577.37,37215864759.43,42085305591.68,60905331599.48,48388296488.95,58641621957.89,67937307405.12,76689583316.92,78938585285.69,81034395037.52,69831770995.54
Other small states,OSS,91230480401.46,90672611826.83,97772578664.97,121118378940.56,150081419957.45,182102127175.27,214036484985.34,261998871872.61,320442487440.30,275173743167.46,320128712509.16,396019011152.10,413403874820.60,431086487370.45,444405144277.81,368813590036.30
Pakistan,PAK,73952374969.80,72309738921.33,72306820396.23,83244801092.71,97977766197.67,109502102510.88,137264061106.04,152385716311.92,170077814106.31,168152775283.03,177406854514.89,213587413184.00,224383620829.57,231218567178.98,244360888750.81,271049886672.73
Panama,PAN,12304115000.00,12502013400.00,12994310400.00,13693981200.00,15013381700.00,16374393900.00,18141666300.00,20958000000.00,24522200000.00,26593500000.00,28917200000.00,34373820500.00,39954761200.00,44856189500.00,49165773100.00,52132289700.00
Peru,PER,51744749133.21,52030158775.41,54777553515.08,58731030121.87,66768703497.57,76060606060.61,88643193061.75,102170981144.14,120550599815.44,120822986521.48,147528937028.78,171761737046.59,192648999090.08,201217661645.51,201049665375.13,189212096470.29
Philippines,PHL,81026297144.28,76262072022.22,81357602950.18,83908206456.06,91371239764.88,103071585462.60,122210719245.90,149359920005.89,174195135053.12,168334599538.17,199590774784.58,224143083706.78,250092093547.53,271836123723.68,284584522898.94,292774099014.19
Palau,PLW,149300000.00,160000000.00,163500000.00,159900000.00,175300000.00,193300000.00,194700000.00,196000000.00,198100000.00,186400000.00,183800000.00,199900000.00,214200000.00,228700000.00,250900000.00,287400000.00
Papua New Guinea,PNG,3521348154.80,3081029665.98,2999542369.42,3536459111.24,3927114465.91,4865971718.30,5527856839.07,6340673793.55,8000074071.33,8105331929.88,9716103408.97,12873049346.27,15391629871.38,15413163674.92,16928680397.42,
Poland,POL,171885598582.64,190521263343.02,198680637254.90,217518642324.51,255102252843.40,306134635593.74,344826430298.15,429249647594.61,533815789473.68,439796160379.48,479321128909.23,528819945375.38,500344281382.35,524214789307.99,545151778520.39,477336782066.59
Pre-demographic dividend,PRE,211754710795.63,200696505653.48,237011718871.52,274020284824.50,332024783749.25,411421770397.82,513693910493.33,628900837818.89,802590453555.33,730577224083.18,1005125615291.85,1162386942622.43,1277869591512.90,1396458716370.55,1491939195061.18,1296897941977.73
Puerto Rico,PRI,61701810000.00,69668635000.00,72546194000.00,75833996000.00,80322313000.00,83914521340.54,87276164364.64,89524131617.19,93639316000.00,96385638000.00,98381268000.00,100351670000.00,101080738000.00,103134778000.00,,
Korea. Dem. People?s Rep.,PRK,,,,,,,,,,,,,,,,
Portugal,PRT,118358489957.62,121545880984.34,134228697534.35,164964195259.59,189187437298.24,197304513120.26,208566948939.91,240169336162.06,262007590449.69,243745748819.12,238303443425.21,244895101712.45,216368178659.45,226073492966.50,229629822121.60,199082291239.31
Paraguay,PRY,8195993230.74,7662595075.90,6325151760.07,6588103836.35,8033877360.42,8734653809.50,10646157920.32,13794910633.85,18504130752.99,15929902138.14,20030528042.92,25099681460.89,24595319573.75,28965906502.23,30881166852.31,27282581335.80
West Bank and Gaza,PSE,4313600000.00,4003700000.00,3555800000.00,3968000000.00,4329200000.00,4831800000.00,4910100000.00,5505800000.00,6673500000.00,7268200000.00,8913100000.00,10465400000.00,11279400000.00,12476000000.00,12715600000.00,12673000000.00
Pacific island small states,PSS,3448662181.82,3375672793.36,3547120140.79,4158737438.12,4803309271.02,5273003192.09,5542891987.76,6079623933.05,6554131285.09,5775975880.54,6402407316.27,7588040251.83,8109258573.53,8375325157.08,8780810605.05,8577127156.95
Post-demographic dividend,PST,26282689637675.30,26041902978856.00,27158954468171.90,30469203654916.50,33857110810844.50,35634331213681.70,37477971990381.30,40875024376117.30,43181906552198.20,40654677510668.00,42396023961852.10,45507579610296.70,45431195222279.90,45820016966895.30,46685151869819.20,44081796060319.50
French Polynesia,PYF,3447543137.94,,,,,,,,,,,,,,,
Qatar,QAT,17759890109.89,17538461538.46,19363736263.74,23533791208.79,31734065934.07,44530494505.49,60882142857.14,79712087912.09,115270054945.06,97798351648.35,125122306346.15,167775274725.28,186833516483.52,198727747252.75,206224725274.73,164641483516.48
Romania,ROU,37438527799.53,40716836998.04,46174557555.59,59867801204.82,76216441462.14,99697566667.81,123533036667.85,171536685395.56,208181626900.63,167422949529.40,167998080493.41,185362855081.02,171664638717.49,191549024910.60,199493490982.92,177522705145.17
Russian Federation,RUS,259708496267.33,306602673980.12,345110438692.19,430347770731.79,591016690742.80,764017107992.39,989930542278.70,1299705247685.76,1660844408499.61,1222643696991.85,1524916112078.87,2031768558635.85,2170143623037.67,2230625004653.55,2063662281005.13,1365865245098.18
Rwanda,RWA,1734938264.47,1674685094.02,1677447150.11,1845979298.99,2089188828.80,2581465863.88,3152016556.52,3824811913.23,4860576609.22,5379378135.44,5774003744.27,6491683831.51,7315702176.36,7622526429.09,8016288347.04,8261034257.63
South Asia,SAS,614756473709.59,630828017006.12,663250167513.16,774457944529.07,897902015362.29,1028596382537.81,1176153232856.56,1488571172561.54,1515479924054.14,1665393025481.30,2041877081506.80,2271681618877.26,2297541689398.13,2356159930348.29,2577102437097.39,2705001263802.98
Saudi Arabia,SAU,189514926222.67,184137469724.86,189605920240.52,215807655244.42,258742133333.33,328459608764.11,376900133511.35,415964509673.12,519796800000.00,429097866666.67,528207200000.00,671238840108.23,735974843348.66,746647127407.62,756350347320.38,654269902888.72
Sudan,SDN,12257418326.07,13182979783.53,14803189092.70,17646503525.17,21457470202.78,26524538565.74,35822408611.56,45898948564.06,54526580231.56,53150209167.93,65634109236.77,67327289319.73,68125631150.29,72065940085.77,82151588418.83,97156119150.00
Senegal,SEN,4679604753.56,4877602059.51,5333862371.27,6858952880.10,8031344381.10,8707015771.00,9358710935.43,11284603070.57,13428461873.56,12809044977.59,12937300245.15,14368348214.20,14202389641.93,14810978041.47,15308965398.58,13609978076.42
Singapore,SGP,95833932714.62,89286208628.68,91941192896.24,97001377568.59,114188557567.15,127417688055.76,147797218201.27,179981288567.45,192225881687.75,192408387762.12,236421782178.22,275599459373.51,289162118908.54,302510668904.34,308142766948.15,296840704102.42
Solomon Islands,SLB,435103853.49,400463452.07,341661643.55,332738245.91,375111894.93,413909879.28,456705434.00,516074228.96,608293860.27,597765363.13,671585343.17,886498370.70,1025125081.57,1059695156.19,1156563122.86,1129164718.81
Sierra Leone,SLE,635874002.20,1079478387.84,1239004287.76,1371442565.70,1431208677.30,1627854494.80,1885112201.85,2158496872.86,2505458705.03,2489985963.17,2616610911.07,2942546781.05,3801862611.36,4920343194.99,5015157815.73,4251779857.01
El Salvador,SLV,13134100000.00,13812700000.00,14306700000.00,15046700000.00,15798300000.00,17093800000.00,18550700000.00,20104900000.00,21430950000.00,20661030000.00,21418330000.00,23139040000.00,23813600000.00,24350930000.00,25054230000.00,26052340000.00
San Marino,SMR,773907642.41,815205233.06,879957209.92,1122981525.36,1317357834.62,1375416604.49,1469000145.31,1687567364.12,1899879955.48,,,,,,,
Somalia,SOM,,,,,,,,,,,,,,5352000000.00,5647000000.00,5925000000.00
Serbia,SRB,6540247190.34,12267175481.25,16116843146.48,21188704081.24,24861483280.63,26252007830.46,30607991862.48,40289556656.15,49259526052.74,42616653299.91,39460357730.52,46466728666.61,40742313861.14,45519650911.41,44210806365.68,37160332465.16
Sub-Saharan Africa (excluding high income),SSA,367372728727.68,341926581367.12,366405040525.77,468282596074.19,582365642433.33,684996503798.67,800424661847.35,931379876723.90,1063784722921.19,1021413301121.37,1360141211429.22,1531532869537.52,1606784475519.59,1691556590025.30,1773640768624.54,1599676432988.51
South Sudan,SSD,,,,,,,,,15550136278.87,12231362022.69,15727363443.10,17826697892.27,10368813559.32,13257635694.92,13282084033.90,9015221096.24
Sub-Saharan Africa,SSF,367992054429.69,342553779838.80,367108332547.64,468992752558.16,583209894804.24,685920335014.86,801445697569.97,932416460747.50,1064752013079.22,1022260711828.75,1361111020590.47,1532598528787.88,1607918609335.78,1692968078930.83,1775063779086.99,1601114502934.00
Small states,SST,126923095471.91,127212731119.31,136256691925.27,162766467544.72,196053942193.91,234022949884.06,271974858948.52,326343861812.68,393489345339.15,336886290580.52,387290741084.78,469287734302.83,489309844392.05,508115793399.22,521843492853.73,444166579289.30
Sao Tome and Principe,STP,,72230284.43,80531992.12,96343906.43,105360801.94,126194166.23,134441116.92,145827429.57,188021168.84,187821029.03,197454053.15,233213522.65,252560557.08,302925489.68,348463457.92,317696178.68
Suriname,SUR,892164393.94,763465550.46,1078402127.66,1271196078.43,1484092538.41,1793754804.70,2626380435.18,2936612021.86,3532969034.61,3875409836.07,4368398047.64,4422276621.79,4980000000.00,5145757575.76,5240606060.61,4878731707.27
Slovak Republic,SVK,29114875621.89,30703017449.66,35083608131.00,46731767494.36,57240535137.82,62697540106.95,70596729394.05,86304245825.35,100324627215.47,88945625173.66,89501012915.73,98181259740.09,93413992955.90,98478349315.33,100760596988.20,87267593788.20
Slovenia,SVN,20342201356.01,20875387068.11,23563576758.10,29697448108.30,34470227453.91,36346974008.21,39587732028.60,48114688201.48,55589849128.46,50244793831.62,48013606745.48,51290792018.11,46258247574.75,47688566993.11,49530147015.88,42776716631.08
Sweden,SWE,259802012617.06,239917320966.98,263926220332.54,331108912605.27,381705425301.75,389042298376.85,420032121655.69,487816328342.31,513965650650.12,429657033107.74,488377689564.92,563109663291.18,543880647757.40,578742001487.57,573817719109.40,495694356611.55
Swaziland,SWZ,1738100848.10,1542477354.99,1432228172.70,2197612760.59,2770082815.21,3178126547.93,3291353812.86,3469363931.16,3294093359.62,3580417156.54,4438778553.64,4820499498.18,4807282468.03,4575596300.79,4486261555.30,4137638726.69
Sint Maarten (Dutch part),SXM,,,,,,,,,,,,,,,,
Seychelles,SYC,614879764.78,622262057.19,697518248.18,705704816.04,839319927.27,919103254.55,1016418229.25,1033561654.06,967199593.96,847397850.09,969936525.30,1065826669.90,1134267367.19,1411061260.71,1422530791.56,1437722206.39
Syrian Arab Republic,SYR,19325894913.13,21099833783.50,21582248881.66,21828144686.04,25086930693.07,28858965517.24,33332844574.78,40405006007.21,,,,,,,,
Turks and Caicos Islands,TCA,,,,,,,,,,,,,,,,
Chad,TCD,1385058161.77,1709347793.33,1987622279.11,2736666515.83,4414929220.00,6646663561.27,7422102655.99,8638711442.77,10351932604.42,9253484108.50,10657705536.50,12156380425.08,12368071038.74,12949854262.81,13922223233.52,10888798113.79
East Asia & Pacific (IDA & IBRD countries),TEA,1733976957283.78,1844880258516.11,2041865926249.22,2311056516099.72,2680080452885.16,3099556641923.49,3729909801279.21,4717923246206.80,5972485978440.58,6480284114182.45,7859520533899.79,9607063801205.78,10717379224740.40,11831819367549.70,12723521658445.10,13241873807583.30
Europe & Central Asia (IDA & IBRD countries),TEC,891934707791.11,907586896655.44,1019107655133.60,1255033897823.74,1622688912935.72,2032603631916.98,2459168320833.04,3156883414983.23,3906344780241.39,3094928199271.03,3635573611967.41,4400783138334.08,4571223504946.21,4826935346702.26,4623950916968.12,3597439604363.69
Togo,TGO,1294250233.19,1332328999.09,1474630207.08,1673690429.62,1937074572.09,2115154262.03,2202809251.31,2523462557.39,3163416242.06,3163000528.82,3172945644.56,3756023159.96,3866617462.62,4080929201.28,4482880424.34,4087628275.96
Thailand,THA,126392308497.75,120296746256.63,134300851255.00,152280653543.73,172895476152.59,189318499954.00,221758486880.31,262942650543.77,291383081231.82,281710095724.76,341105009515.33,370818747396.83,397559992407.45,420528737876.72,406521561093.36,399234547137.47
Tajikistan,TJK,860550305.83,1080774007.25,1221113780.25,1554125530.80,2076148695.51,2312319579.03,2830236053.84,3719497371.10,5161336170.46,4979481980.35,5642178579.58,6522732202.51,7633049792.09,8506674782.75,9236309138.04,7853450374.00
Turkmenistan,TKM,2904662604.82,3534771968.51,4462028988.73,5977440582.80,6838351088.47,8104355716.88,10277598152.42,12664165103.19,19271523178.81,20214385964.91,22583157894.74,29233333333.33,35164210526.32,39197543859.65,43524210526.32,35799628571.43
Latin America & the Caribbean (IDA & IBRD countries),TLA,2150291053438.45,2083909421596.08,1851416246244.98,1903845671322.72,2210850214428.18,2694953121481.12,3171420273729.45,3760043419259.14,4392555513058.23,4116124678098.03,5141956777199.41,5863434327505.31,5912679157970.39,6058441098375.86,6060501536349.05,5152658351581.10
Timor-Leste,TLS,368000000.00,452000000.00,444000000.00,453000000.00,466000000.00,491000000.00,463000000.00,559000000.00,694000000.00,827000000.00,943000000.00,1148000000.00,1293000000.00,1312000000.00,1399000000.00,1441718600.00
Middle East & North Africa (IDA & IBRD countries),TMN,447384545921.06,463423567528.96,450214949083.26,507920055467.19,581942286783.67,686628893957.62,798404019734.19,984408659212.04,1219063793136.09,1172546853378.41,1354032869496.32,1566983828956.61,1656868816266.87,1624432436239.87,1566425106492.08,1432641907767.45
Tonga,TON,202363492.16,181244788.47,182737040.10,202543202.00,229358214.79,262176133.73,294137737.07,300143056.87,349459648.57,318151987.34,369435481.36,423015937.99,472441382.97,449387934.02,443475142.08,435430325.22
South Asia (IDA & IBRD),TSA,614756473709.59,630828017006.12,663250167513.16,774457944529.07,897902015362.29,1028596382537.81,1176153232856.56,1488571172561.54,1515479924054.14,1665393025481.30,2041877081506.80,2271681618877.26,2297541689398.13,2356159930348.29,2577102437097.39,2705001263802.98
Sub-Saharan Africa (IDA & IBRD countries),TSS,367992054429.69,342553779838.80,367108332547.64,468992752558.16,583209894804.24,685920335014.86,801445697569.97,932416460747.50,1064752013079.22,1022260711828.75,1361111020590.47,1532598528787.88,1607918609335.78,1692968078930.83,1775063779086.99,1601114502934.00
Trinidad and Tobago,TTO,8154338232.96,8824873259.32,9008273720.93,11305459802.07,13280275123.04,15982282462.38,18369070085.39,21642304045.51,27870257894.23,19175196445.79,22157948396.20,25433011405.30,25694164489.24,26436221401.30,26175906133.47,23559287483.93
Tunisia,TUN,21473188881.59,22066101341.49,23142294436.24,27453084982.54,31183139301.49,32273007553.57,34378437265.21,38908069299.20,44856586316.05,43454935940.16,44050929160.26,45810626509.45,45044176963.95,46255308672.37,47603227896.57,43156606851.55
Turkey,TUR,272979390595.01,200254104151.47,238423907922.75,311825946795.02,404776328437.60,501422832613.55,552504962256.44,675754121015.01,764322933264.93,644656538878.42,771876943465.62,832546462299.56,873981840596.29,950595641011.84,934167774215.03,859383637728.94
Tuvalu,TUV,13742057.05,13196544.95,15450994.24,18231078.54,21534931.61,21839098.89,22902861.45,27030374.03,30290219.76,27101076.28,31823518.62,39312016.50,39875750.67,38322359.53,37259689.92,32673277.74
Tanzania,TZA,10185786382.83,10383560602.85,10805599892.74,11659129888.80,12825801580.93,16929976600.14,18610460326.54,21501741757.48,27368386358.13,28573777052.45,31407908612.09,33878631649.42,39087748240.44,44333456244.74,48197218326.79,45628247290.46
Uganda,UGA,6193246837.10,5840503868.57,6178563590.89,6336696288.98,7940362799.18,9013834373.41,9942597779.99,12292813603.23,14239026629.64,21203769124.66,20179411062.93,20508595015.45,23516083900.40,24879053946.91,27927875335.81,27856380083.25
Ukraine,UKR,31261527363.14,38009344576.61,42392896031.24,50132953288.20,64883060725.70,86142018069.35,107753069306.93,142719009900.99,179992405832.32,117227769791.56,136013155905.04,163159671670.27,175781379051.43,183310146378.08,133503411375.74,91030959454.70
Upper middle income,UMC,4516745939516.19,4570215302631.64,4585099461562.07,5167508901821.26,6206949763569.09,7473673674144.63,8886248909977.84,11053091998253.60,13518836281583.60,13009912111056.70,15772171277711.60,18884745299009.30,20141382977240.60,21474040434046.40,22099616834721.70,20679546893865.40
Uruguay,URY,22823255801.84,20898788416.63,13606494599.43,12045631092.54,13686329890.12,17362857683.85,19579457966.05,23410572621.53,30366213095.43,31660911290.32,40284481661.87,47962439293.37,51264390121.41,57531233350.91,57236013077.52,53274304214.82
United States,USA,10284779000000.00,10621824000000.00,10977514000000.00,11510670000000.00,12274928000000.00,13093726000000.00,13855888000000.00,14477635000000.00,14718582000000.00,14418739000000.00,14964372000000.00,15517926000000.00,16155255000000.00,16691517000000.00,17393103000000.00,18036648000000.00
Uzbekistan,UZB,13760374487.51,11401351420.17,9687951055.23,10128112401.42,12030023547.88,14307509838.81,17330833852.92,22311393927.88,29549438883.83,33689223673.26,39332770928.94,45915191189.32,51821573338.13,57690453460.62,63067077178.54,66903804142.54
St. Vincent and the Grenadines,VCT,396270000.00,430040370.37,461883444.44,481806296.30,521975111.11,550728666.67,610930044.44,651833314.81,695428851.85,674922481.48,681225962.96,676129407.41,692933740.74,721207148.15,727912814.81,737683555.56
Venezuela. RB,VEN,117140723529.41,122903960204.51,92893587733.65,83620628582.11,112453382329.62,145510008134.75,183477522123.89,230364012575.69,315953388510.68,329787628928.47,393190682070.49,316482190800.36,381286237847.67,371006299120.24,,
British Virgin Islands,VGB,,,,,,,,,,,,,,,,
Virgin Islands (U.S.),VIR,,,3269000000.00,3453000000.00,3799000000.00,4439000000.00,4504000000.00,4803000000.00,4250000000.00,4203000000.00,4339000000.00,4239000000.00,4095000000.00,3764000000.00,3624000000.00,3765000000.00
Vietnam,VNM,33640085738.65,35291349197.43,37947904054.45,42717072869.39,49424107709.89,57633255618.27,66371664817.04,77414425532.25,99130304099.13,106014601171.04,115931749697.24,135539487317.01,155820001920.49,171222025117.38,186204652922.26,193241108709.54
Vanuatu,VUT,272014693.05,257926881.72,262603781.80,314463144.04,364996869.13,394962552.34,439376794.09,526428309.95,607958616.14,610066628.69,700804286.22,792149700.68,781702874.11,801787555.86,814954306.97,742432131.04
World,WLD,33543172517932.90,33335981796637.90,34612407548364.10,38867460637801.40,43770743999115.10,47385623695561.30,51306757202149.00,57793330573297.50,63386360636271.30,60086989443247.40,65906150720610.20,73241717918435.50,74802287630429.00,76924649544655.60,78870119013702.90,74509719336393.90
Samoa,WSM,269019710.33,273088357.16,288078881.43,338838639.38,420320176.36,462644663.07,508505414.41,550967295.28,644143266.16,560967765.48,643056627.69,739777274.13,801152293.28,804816205.69,803574789.06,803976511.52
Kosovo,XKX,1849196082.06,2535333631.89,2702427046.94,3355083116.59,3639935347.51,3736599925.38,4078158323.92,4833561456.34,5687488208.58,5653792720.20,5829933774.83,6649291075.90,6473724784.79,7072092405.74,7386891336.08,6440501275.37
Yemen. Rep.,YEM,9636342274.82,9854042164.67,10693278291.81,11777768086.87,13873500887.56,16753769531.70,19081722875.30,21656517484.25,26910851361.76,25130274124.25,30906749533.22,32726417878.39,35401339869.31,40415233436.18,43228583935.04,37733919936.25
South Africa,ZAF,136361854808.50,121516070204.78,115482368343.66,175256916996.05,228593566165.09,257772710832.95,271638484826.11,299415505152.30,286769839732.73,295936485832.64,375349396273.84,416418862155.87,396327771010.96,366623856821.78,350850571747.12,317406594612.39
Zambia,ZMB,3600683039.73,4094480988.12,4193845678.17,4901839731.27,6221077674.78,8331870169.15,12756858899.28,14056957976.26,17910858637.90,15328342303.96,20265556273.58,23460098339.75,25503370699.20,28045460442.19,27150630607.20,21154394545.90
Zimbabwe,ZWE,6689957600.00,6777384700.00,6342116400.00,5727591800.00,5805598400.00,5755215200.00,5443896500.00,5291950100.00,4415702800.00,8366794000.00,10052045200.00,12071733500.00,14058378300.00,15223528900.00,15834069900.00,16072380200.00
